<?xml version="1.0" encoding="UTF-8"?>
<colors>
	<color name="yellowgreen" hex="#9acd32" />
	<color name="khaki" hex="#f0e68c" />
	<color name="lightcyan" hex="#e0ffff" />
	<color name="deepskyblue" hex="#00bfff" />
	<color name="darkslategrey" hex="#2f4f4f" />
	<color name="lightgray" hex="#d3d3d3" />
	<color name="lightseagreen" hex="#20b2aa" />
	<color name="lawngreen" hex="#7cfc00" />
	<color name="coral" hex="#ff7f50" />
	<color name="gold" hex="#ffd700" />
	<color name="darkorange" hex="#ff8c00" />
	<color name="lightblue" hex="#add8e6" />
	<color name="indianred " hex="#cd5c5c" />
	<color name="salmon" hex="#fa8072" />
	<color name="seashell" hex="#fff5ee" />
	<color name="linen" hex="#faf0e6" />
	<color name="ghostwhite" hex="#f8f8ff" />
	<color name="lightslategray" hex="#778899" />
	<color name="mediumseagreen" hex="#3cb371" />
	<color name="teal" hex="#008080" />
	<color name="lightsalmon" hex="#ffa07a" />
	<color name="papayawhip" hex="#ffefd5" />
	<color name="olivedrab" hex="#6b8e23" />
	<color name="lavenderblush" hex="#fff0f5" />
	<color name="crimson" hex="#dc143c" />
	<color name="cadetblue" hex="#5f9ea0" />
	<color name="purple" hex="#800080" />
	<color name="silver" hex="#c0c0c0" />
	<color name="saddlebrown" hex="#8b4513" />
	<color name="darkgrey" hex="#a9a9a9" />
	<color name="oldlace" hex="#fdf5e6" />
	<color name="sandybrown" hex="#f4a460" />
	<color name="darkcyan" hex="#008b8b" />
	<color name="forestgreen" hex="#228b22" />
	<color name="mediumspringgreen" hex="#00fa9a" />
	<color name="lavender" hex="#e6e6fa" />
	<color name="darkkhaki" hex="#bdb76b" />
	<color name="cornsilk" hex="#fff8dc" />
	<color name="darkseagreen" hex="#8fbc8f" />
	<color name="greenyellow" hex="#adff2f" />
	<color name="slategray" hex="#708090" />
	<color name="blanchedalmond" hex="#ffebcd" />
	<color name="dimgrey" hex="#696969" />
	<color name="darkviolet" hex="#9400d3" />
	<color name="blueviolet" hex="#8a2be2" />
	<color name="mediumorchid" hex="#ba55d3" />
	<color name="pink" hex="#ffc0cb" />
	<color name="maroon" hex="#800000" />
	<color name="chartreuse" hex="#7fff00" />
	<color name="tan" hex="#d2b48c" />
	<color name="gainsboro" hex="#dcdcdc" />
	<color name="snow" hex="#fffafa" />
	<color name="dodgerblue" hex="#1e90ff" />
	<color name="yellow" hex="#ffff00" />
	<color name="lightcoral" hex="#f08080" />
	<color name="orangered" hex="#ff4500" />
	<color name="burlywood" hex="#deb887" />
	<color name="darkmagenta" hex="#8b008b" />
	<color name="lightyellow" hex="#ffffe0" />
	<color name="firebrick" hex="#b22222" />
	<color name="cornflowerblue" hex="#6495ed" />
	<color name="azure" hex="#f0ffff" />
	<color name="mediumaquamarine" hex="#66cdaa" />
	<color name="wheat" hex="#f5deb3" />
	<color name="honeydew" hex="#f0fff0" />
	<color name="whitesmoke" hex="#f5f5f5" />
	<color name="skyblue" hex="#87ceeb" />
	<color name="fuchsia" hex="#ff00ff" />
	<color name="darksalmon" hex="#e9967a" />
	<color name="turquoise" hex="#40e0d0" />
	<color name="powderblue" hex="#b0e0e6" />
	<color name="deeppink" hex="#ff1493" />
	<color name="sienna" hex="#a0522d" />
	<color name="bisque" hex="#ffe4c4" />
	<color name="darkturquoise" hex="#00ced1" />
	<color name="lemonchiffon" hex="#fffacd" />
	<color name="peachpuff" hex="#ffdab9" />
	<color name="blue" hex="#0000ff" />
	<color name="darkslategray" hex="#2f4f4f" />
	<color name="mediumslateblue" hex="#7b68ee" />
	<color name="lightskyblue" hex="#87cefa" />
	<color name="lightgrey" hex="#d3d3d3" />
	<color name="aliceblue" hex="#f0f8ff" />
	<color name="indigo  " hex="#4b0082" />
	<color name="magenta" hex="#ff00ff" />
	<color name="navy" hex="#000080" />
	<color name="seagreen" hex="#2e8b57" />
	<color name="paleturquoise" hex="#afeeee" />
	<color name="darkgreen" hex="#006400" />
	<color name="darkgoldenrod" hex="#b8860b" />
	<color name="cyan" hex="#00ffff" />
	<color name="aqua" hex="#00ffff" />
	<color name="slateblue" hex="#6a5acd" />
	<color name="chocolate" hex="#d2691e" />
	<color name="olive" hex="#808000" />
	<color name="beige" hex="#f5f5dc" />
	<color name="lightslategrey" hex="#778899" />
	<color name="gray" hex="#808080" />
	<color name="goldenrod" hex="#daa520" />
	<color name="darkorchid" hex="#9932cc" />
	<color name="green" hex="#008000" />
	<color name="mintcream" hex="#f5fffa" />
	<color name="mediumturquoise" hex="#48d1cc" />
	<color name="darkgray" hex="#a9a9a9" />
	<color name="rosybrown" hex="#bc8f8f" />
	<color name="mediumpurple" hex="#9370d8" />
	<color name="royalblue" hex="#4169e1" />
	<color name="dimgray" hex="#696969" />
	<color name="black" hex="#000000" />
	<color name="mediumvioletred" hex="#c71585" />
	<color name="navajowhite" hex="#ffdead" />
	<color name="floralwhite" hex="#fffaf0" />
	<color name="darkred" hex="#8b0000" />
	<color name="aquamarine" hex="#7fffd4" />
	<color name="brown" hex="#a52a2a" />
	<color name="ivory" hex="#fffff0" />
	<color name="thistle" hex="#d8bfd8" />
	<color name="lightgreen" hex="#90ee90" />
	<color name="grey" hex="#808080" />
	<color name="springgreen" hex="#00ff7f" />
	<color name="slategrey" hex="#708090" />
	<color name="darkslateblue" hex="#483d8b" />
	<color name="peru" hex="#cd853f" />
	<color name="tomato" hex="#ff6347" />
	<color name="palegoldenrod" hex="#eee8aa" />
	<color name="orchid" hex="#da70d6" />
	<color name="orange" hex="#ffa500" />
	<color name="lightsteelblue" hex="#b0c4de" />
	<color name="red" hex="#ff0000" />
	<color name="moccasin" hex="#ffe4b5" />
	<color name="mediumblue" hex="#0000cd" />
	<color name="palegreen" hex="#98fb98" />
	<color name="darkblue" hex="#00008b" />
	<color name="plum" hex="#dda0dd" />
	<color name="palevioletred" hex="#d87093" />
	<color name="lime" hex="#00ff00" />
	<color name="lightpink" hex="#ffb6c1" />
	<color name="white" hex="#ffffff" />
	<color name="mistyrose" hex="#ffe4e1" />
	<color name="violet" hex="#ee82ee" />
	<color name="steelblue" hex="#4682b4" />
	<color name="darkolivegreen" hex="#556b2f" />
	<color name="limegreen" hex="#32cd32" />
	<color name="hotpink" hex="#ff69b4" />
	<color name="antiquewhite" hex="#faebd7" />
	<color name="lightgoldenrodyellow" hex="#fafad2" />
	<color name="midnightblue" hex="#191970" />
</colors>