<?xml version="1.0" encoding="UTF-8"?>
<stylesheet>
	<dynamic-page margin="10" page-size="820:620"></dynamic-page>

	<any class="head" width="100%" height="73px">
		<img height="67px" float="left"></img>
		
		<div float="left" margin-left="6.5px">
			<h1 font-style="normal" font-size="29px" margin-bottom="0">
				<span font-size="21px"></span>
			</h1>
			<h2 font-style="normal" margin-top="6.5px"></h2>
		</div>
		<any class="right" text-align="right" float="right">
		</any>
	</any>
	
	<any class="columns">
		<div class="bordered" border.color="#cc6600" border.size="2px" background.color="#f8f5d8" padding="4px" width="100%">
			<div class="content" margin="0" width="100%"></div>

			<h3 text-align="center" width="100%" font-style="bold"></h3>
		</div>
		<ul list-position="inside" margin-left="6.5px">
		</ul>
		
		<div class="half" width="50%"></div>
		<p class="code" font-type="courier" padding-top="0" padding-bottom="5px" font-size="12px"></p>
		<p class="small" font-size="8" width="100%"></p>
		<strong font-size="14.5px" margin-bottom="6.5px"></strong>
	</any>
	<div class="left" float="left"></div>
	<div class="right" float="right"></div>
</stylesheet>