<?xml version="1.0" encoding="UTF-8"?>
<!DOCTYPE pdf SYSTEM "%resources%/dtd/doctype.dtd">
<pdf>
	<dynamic-page>
		<table>
			<tr font-type="judson">
				<td class="first">judson</td>
				<td font-style="normal">normal</td>
				<td font-style="bold">bold</td>
				<td font-style="italic">italic</td>
				<td font-style="bold-italic">bold italic</td>
			</tr>
			<tr font-type="DejaVuSans">
				<td class="first">DejaVuSans</td>
				<td font-style="normal">normal</td>
				<td font-style="bold">bold</td>
				<td font-style="italic">italic</td>
				<td font-style="bold-italic">bold italic</td>
			</tr>
			<tr font-type="DejaVuSansCondensed">
				<td class="first">DejaVuSansCondensed</td>
				<td font-style="normal">normal</td>
				<td font-style="bold">bold</td>
				<td font-style="italic">italic</td>
				<td font-style="bold-italic">bold italic</td>
			</tr>
			<tr font-type="DejaVuSansMono">
				<td class="first">DejaVuSansMono</td>
				<td font-style="normal">normal</td>
				<td font-style="bold">bold</td>
				<td font-style="italic">italic</td>
				<td font-style="bold-italic">bold italic</td>
			</tr>
			<tr font-type="DejaVuSerif">
				<td class="first">DejaVuSerif</td>
				<td font-style="normal">normal</td>
				<td font-style="bold">bold</td>
				<td font-style="italic">italic</td>
				<td font-style="bold-italic">bold italic</td>
			</tr>
			<tr font-type="Kurier">
				<td class="first">Kurier</td>
				<td font-style="normal">normal</td>
				<td font-style="bold">bold</td>
				<td font-style="italic">italic</td>
				<td font-style="bold-italic">bold italic</td>
			</tr>
			<tr font-type="courier">
				<td class="first">courier</td>
				<td font-style="normal">normal</td>
				<td font-style="bold">bold</td>
				<td font-style="italic">italic</td>
				<td font-style="bold-italic">bold italic</td>
			</tr>
			<tr font-type="times-roman">
				<td class="first">times-roman</td>
				<td font-style="normal">normal</td>
				<td font-style="bold">bold</td>
				<td font-style="italic">italic</td>
				<td font-style="bold-italic">bold italic</td>
			</tr>
			<tr font-type="helvetica">
				<td>helvetica</td>
				<td font-style="normal">normal</td>
				<td font-style="bold">bold</td>
				<td font-style="italic">italic</td>
				<td font-style="bold-italic">bold italic</td>
			</tr>
			<tr font-type="zapf-dingbats">
				<td class="first">zapf-dingbats</td>
				<td font-style="normal">normal</td>
				<td font-style="bold">bold</td>
				<td font-style="italic">italic</td>
				<td font-style="bold-italic">bold italic</td>
			</tr>
			<tr font-type="symbol">
				<td class="first">symbol</td>
				<td font-style="normal">normal</td>
				<td font-style="bold">bold</td>
				<td font-style="italic">italic</td>
				<td font-style="bold-italic">bold italic</td>
			</tr>
		</table>

	</dynamic-page>
</pdf>