<?xml version="1.0" encoding="UTF-8"?>
<stylesheet>
	<h1 color="#5058a6" border.type="bottom" border.color="#5058a6" border.size="1px" padding-bottom="6.5px" font-size="27px"></h1>
	<h2 color="#5058a6" float="left" font-size="14.5px" margin-bottom="13px" margin-top="13px"/>
	
	<div class="header" height="60px">
		<h2 height="100%" vertical-align="bottom" line-height="33px" margin-bottom="0" margin-top="0"/>
		<img float="right" height="100%" />
	</div>
	
	<p padding="1.5px 0" text-align="justify">
		<img width="100%" border.color="#a8a9ad" border.size="2px" margin="7px auto" />
	</p>
	
	<any class="half" width="48%"></any>
	<any class="left" float="left"></any>
	<any class="right" float="right"></any>
	<any class="code" font-type="courier" />
	
	<p class="learn" margin-top="306px" float="right" background.image="dir:/phpstorm/arrows.jpg" background.image-height="100%" padding-left="20px" padding-top="0" padding-bottom="0">
	</p>
	<a font-style="bold" color="#5058a6" text-decoration="none"></a>
	
	<div class="table" border.color="#5058a6" border.size="1px" padding-left="4px">
		<div class="td" float="left" width="24.2%">
			<div class="block" background.color="#abacd6" margin-right="4px" margin-top="4px" margin-bottom="4px" padding="6.5px" height="120px">
				<div class="header" height="65%">
					<p margin-top="6.5px" text-align="center"></p>
					<h3 font-size="12.5px" font-style="bold" text-align="center" padding-bottom="0" margin-bottom="0"></h3>
				</div>
				
				<div class="button" text-align="center" vertical-align="middle" background.color="#5058a6" width="40%" margin="0 auto" height="24px" font-size="14,5px" font-style="bold" color="white">
				</div>
				<div class="button orange" background.color="#f58221">
				</div>
			</div>
			<div class="lighter" background.color="#c2c2e1" />
			<div class="the-lightest" background.color="#d2d1e9" />
			<div class="block first" margin-left="0" />
			<div class="block last" margin-right="0" />
		</div>
	</div>
	
	<table width="75%" font-size="11px">
		<tr>
			<td border.type="none" margin="13px 13px 0 0" />
		</tr>
	</table>
	
	<ul color="#5058a6" font-style="bold">
		<li color="black" font-style="normal" />
	</ul>
</stylesheet>