<?xml version="1.0" encoding="UTF-8"?>
<!DOCTYPE pdf SYSTEM "%resources%/dtd/doctype.dtd">
<pdf>
    <dynamic-page>
        <div width="100%" height="100%">
            <stylesheet>
                <complex-attribute name="border" color="green" />
            </stylesheet>
            <table>
                <tr>
                    <td>
                        <div>
                        </div>
                    </td>
                    <td>
                        <div>
                        </div>
                    </td>
                    <td>
                        <div>
                        </div>
                    </td>
                </tr>
                <tr>
                    <td>
                        <div>
                        </div>
                    </td>
                    <td>
                        <div>
                        </div>
                    </td>
                    <td>
                        <div>
                        </div>
                    </td>
                </tr>
                <tr>
                    <td>
                        <div>
                        </div>
                    </td>
                    <td colspan="2">
                        <div>
                        </div>
                    </td>
                </tr>
            </table>

            <div class="legend">
                <h2>Legend:</h2>
                <p>
                    <div class="square pink"></div>
                    <p class="desc">Background of div within td</p>
                </p>
                <p>
                    <div class="square white"></div>
                    <p class="desc">Margin between td and div</p>
                </p>
                <p>
                    <div class="square yellow"></div>
                    <p class="desc">Table background</p>
                </p>
                <p>
                    <div class="square red"></div>
                    <p class="desc">Td border</p>
                </p>
                <p>
                    <div class="square blue"></div>
                    <p class="desc">Tr border ddd</p>
                </p>
            </div>
        </div>
    </dynamic-page>
</pdf>